Workbook

Sheet CONG_VIEC
A1: SỔ CÔNG VIỆC — NƠI NHẬP LIỆU DUY NHẤT (tối đa 300 việc)
A2: Ô nền VÀNG: nhập. Cột nền XÁM (A, N–R): mỗi cột MỘT công thức ở dòng 6 tự tính cho cả 300 dòng — không gõ đè vào cột xám.
A3: 5 dòng [VÍ DỤ] chỉ để minh họa — xóa nội dung các ô vàng của chúng trước khi dùng thật.
A5: Mã việc | B5: Ngày giao | C5: Tên công việc | D5: Đơn vị | E5: Phường / địa bàn | F5: Người phụ trách | G5: Nguồn việc | H5: Quan trọng? | I5: Khẩn cấp? | J5: Hạn hoàn thành | K5: Trạng thái | L5: Ngày hoàn thành | M5: Ghi chú | N5: Nhóm ưu tiên | O5: Số ngày còn lại | P5: Tình trạng hạn | Q5: Tuần (theo hạn) | R5: Trạng thái (chuẩn)
A6: =ARRAYFORMULA(IF(C6:C305="","","CV"&TEXT(ROW(C6:C305)-5,"000"))) | B6: 46278 | C6: [VÍ DỤ] Thu gom rác tồn đọng tuyến phố chính | D6: =DANH_MUC!A5 | E6: =DANH_MUC!B5 | F6: =DANH_MUC!C5 | G6: Phát sinh nội bộ | H6: Có | I6: Có | J6: 46286 | K6: Đang làm | M6: Dữ liệu minh họa | N6: =ARRAYFORMULA(IF(C6:C305="","",IF((H6:H305="Có")*(I6:I305="Có"),"1. Làm ngay",IF(H6:H305="Có","2. Lên lịch",IF(I6:I305="Có","3. Giao lại","4. Để sau"))))) | O6: =ARRAYFORMULA(IF((C6:C305="")+(J6:J305="")+(K6:K305="Hoàn thành"),"",J6:J305-TODAY())) | P6: =ARRAYFORMULA(IF(C6:C305="","",IF(K6:K305="Hoàn thành",IF((L6:L305="")+(J6:J305=""),"Xong (thiếu ngày)",IF(L6:L305<=J6:J305,"Xong đúng hạn","Xong trễ")),IF(J6:J305="","Chưa có hạn",IF(J6:J305<TODAY(),"Quá hạn",IF(J6:J305=TODAY(),"Đến hạn hôm nay",IF(J6:J305-TODAY()<=3,"Sắp đến hạn","Trong hạn"))))))) | Q6: =ARRAYFORMULA(IF((C6:C305="")+(J6:J305=""),"",WEEKNUM(J6:J305,21))) | R6: =ARRAYFORMULA(IF(C6:C305="","",IF(K6:K305="","Chưa làm",K6:K305)))
B7: 46283 | C7: [VÍ DỤ] Báo cáo tiến độ vệ sinh môi trường tháng 9 | D7: =DANH_MUC!A6 | F7: =DANH_MUC!C6 | G7: Cấp trên giao | H7: Có | I7: Có | J7: 46288 | K7: Chưa làm | M7: Dữ liệu minh họa
B8: 46281 | C8: [VÍ DỤ] Sửa nắp hố ga bị vỡ theo phản ánh | D8: =DANH_MUC!A7 | E8: =DANH_MUC!B6 | F8: =DANH_MUC!C7 | G8: Phản ánh của dân | H8: Không | I8: Có | J8: 46290 | K8: Chờ duyệt | M8: Dữ liệu minh họa
B9: 46285 | C9: [VÍ DỤ] Lập kế hoạch trồng cây xanh quý IV | D9: =DANH_MUC!A6 | E9: =DANH_MUC!B7 | F9: =DANH_MUC!C8 | G9: Nghị quyết / kế hoạch | H9: Có | I9: Không | J9: 46302 | K9: Chưa làm | M9: Dữ liệu minh họa
B10: 46276 | C10: [VÍ DỤ] Phun rửa đường sau sự kiện | D10: =DANH_MUC!A5 | E10: =DANH_MUC!B8 | F10: =DANH_MUC!C5 | G10: Phát sinh nội bộ | H10: Không | I10: Không | J10: 46284 | K10: Hoàn thành | L10: 46283 | M10: Dữ liệu minh họa

Sheet DASHBOARD
A1: DASHBOARD & KPI
A2: Tự tính từ CONG_VIEC. Tỷ lệ đúng hạn = Xong đúng hạn / (Xong đúng hạn + Xong trễ).
A3: Cập nhật đến: | B3: =TODAY()
A5: Tổng số việc | C5: Đang mở | E5: Quá hạn | G5: Đến hạn trong 3 ngày | I5: Đã hoàn thành | K5: Tỷ lệ xong đúng hạn | M5: KPI 1: có hạn + có người
A6: =COUNTIF(CONG_VIEC!C6:C305,"?*") | C6: =COUNTIF(CONG_VIEC!C6:C305,"?*")-COUNTIF(CONG_VIEC!K6:K305,"Hoàn thành") | E6: =COUNTIF(CONG_VIEC!P6:P305,"Quá hạn") | G6: =COUNTIF(CONG_VIEC!P6:P305,"Sắp đến hạn")+COUNTIF(CONG_VIEC!P6:P305,"Đến hạn hôm nay") | I6: =COUNTIF(CONG_VIEC!K6:K305,"Hoàn thành") | K6: =IFERROR(COUNTIF(CONG_VIEC!P6:P305,"Xong đúng hạn")/(COUNTIF(CONG_VIEC!P6:P305,"Xong đúng hạn")+COUNTIF(CONG_VIEC!P6:P305,"Xong trễ")),"-") | M6: =IFERROR(COUNTIFS(CONG_VIEC!C6:C305,"?*",CONG_VIEC!J6:J305,"<>",CONG_VIEC!F6:F305,"?*")/COUNTIF(CONG_VIEC!C6:C305,"?*"),"-")
M7: Mục tiêu KPI 1: 100%
A9: THỐNG KÊ THEO ĐƠN VỊ
A10: Đơn vị | B10: Tổng việc | C10: Đang mở | D10: Quá hạn | E10: Đến hạn ≤3 ngày | F10: Hoàn thành | G10: Xong đúng hạn | H10: Xong trễ | I10: Tỷ lệ đúng hạn | J10: Tỷ lệ hoàn thành
A11: =ARRAYFORMULA(IF(DANH_MUC!A5:A14="","",DANH_MUC!A5:A14)) | B11: =IF(A11="","",COUNTIF(CONG_VIEC!D6:D305,A11)) | C11: =IF(A11="","",B11-COUNTIFS(CONG_VIEC!D6:D305,A11,CONG_VIEC!K6:K305,"Hoàn thành")) | D11: =IF(A11="","",COUNTIFS(CONG_VIEC!D6:D305,A11,CONG_VIEC!P6:P305,"Quá hạn")) | E11: =IF(A11="","",COUNTIFS(CONG_VIEC!D6:D305,A11,CONG_VIEC!P6:P305,"Sắp đến hạn")+COUNTIFS(CONG_VIEC!D6:D305,A11,CONG_VIEC!P6:P305,"Đến hạn hôm nay")) | F11: =IF(A11="","",COUNTIFS(CONG_VIEC!D6:D305,A11,CONG_VIEC!K6:K305,"Hoàn thành")) | G11: =IF(A11="","",COUNTIFS(CONG_VIEC!D6:D305,A11,CONG_VIEC!P6:P305,"Xong đúng hạn")) | H11: =IF(A11="","",COUNTIFS(CONG_VIEC!D6:D305,A11,CONG_VIEC!P6:P305,"Xong trễ")) | I11: =ARRAYFORMULA(IF(A11:A20="","",IFERROR(G11:G20/(G11:G20+H11:H20),"-"))) | J11: =ARRAYFORMULA(IF(A11:A20="","",IFERROR(F11:F20/B11:B20,"-")))
B12: =IF(A12="","",COUNTIF(CONG_VIEC!D6:D305,A12)) | C12: =IF(A12="","",B12-COUNTIFS(CONG_VIEC!D6:D305,A12,CONG_VIEC!K6:K305,"Hoàn thành")) | D12: =IF(A12="","",COUNTIFS(CONG_VIEC!D6:D305,A12,CONG_VIEC!P6:P305,"Quá hạn")) | E12: =IF(A12="","",COUNTIFS(CONG_VIEC!D6:D305,A12,CONG_VIEC!P6:P305,"Sắp đến hạn")+COUNTIFS(CONG_VIEC!D6:D305,A12,CONG_VIEC!P6:P305,"Đến hạn hôm nay")) | F12: =IF(A12="","",COUNTIFS(CONG_VIEC!D6:D305,A12,CONG_VIEC!K6:K305,"Hoàn thành")) | G12: =IF(A12="","",COUNTIFS(CONG_VIEC!D6:D305,A12,CONG_VIEC!P6:P305,"Xong đúng hạn")) | H12: =IF(A12="","",COUNTIFS(CONG_VIEC!D6:D305,A12,CONG_VIEC!P6:P305,"Xong trễ"))
B13: =IF(A13="","",COUNTIF(CONG_VIEC!D6:D305,A13)) | C13: =IF(A13="","",B13-COUNTIFS(CONG_VIEC!D6:D305,A13,CONG_VIEC!K6:K305,"Hoàn thành")) | D13: =IF(A13="","",COUNTIFS(CONG_VIEC!D6:D305,A13,CONG_VIEC!P6:P305,"Quá hạn")) | E13: =IF(A13="","",COUNTIFS(CONG_VIEC!D6:D305,A13,CONG_VIEC!P6:P305,"Sắp đến hạn")+COUNTIFS(CONG_VIEC!D6:D305,A13,CONG_VIEC!P6:P305,"Đến hạn hôm nay")) | F13: =IF(A13="","",COUNTIFS(CONG_VIEC!D6:D305,A13,CONG_VIEC!K6:K305,"Hoàn thành")) | G13: =IF(A13="","",COUNTIFS(CONG_VIEC!D6:D305,A13,CONG_VIEC!P6:P305,"Xong đúng hạn")) | H13: =IF(A13="","",COUNTIFS(CONG_VIEC!D6:D305,A13,CONG_VIEC!P6:P305,"Xong trễ"))
B14: =IF(A14="","",COUNTIF(CONG_VIEC!D6:D305,A14)) | C14: =IF(A14="","",B14-COUNTIFS(CONG_VIEC!D6:D305,A14,CONG_VIEC!K6:K305,"Hoàn thành")) | D14: =IF(A14="","",COUNTIFS(CONG_VIEC!D6:D305,A14,CONG_VIEC!P6:P305,"Quá hạn")) | E14: =IF(A14="","",COUNTIFS(CONG_VIEC!D6:D305,A14,CONG_VIEC!P6:P305,"Sắp đến hạn")+COUNTIFS(CONG_VIEC!D6:D305,A14,CONG_VIEC!P6:P305,"Đến hạn hôm nay")) | F14: =IF(A14="","",COUNTIFS(CONG_VIEC!D6:D305,A14,CONG_VIEC!K6:K305,"Hoàn thành")) | G14: =IF(A14="","",COUNTIFS(CONG_VIEC!D6:D305,A14,CONG_VIEC!P6:P305,"Xong đúng hạn")) | H14: =IF(A14="","",COUNTIFS(CONG_VIEC!D6:D305,A14,CONG_VIEC!P6:P305,"Xong trễ"))
B15: =IF(A15="","",COUNTIF(CONG_VIEC!D6:D305,A15)) | C15: =IF(A15="","",B15-COUNTIFS(CONG_VIEC!D6:D305,A15,CONG_VIEC!K6:K305,"Hoàn thành")) | D15: =IF(A15="","",COUNTIFS(CONG_VIEC!D6:D305,A15,CONG_VIEC!P6:P305,"Quá hạn")) | E15: =IF(A15="","",COUNTIFS(CONG_VIEC!D6:D305,A15,CONG_VIEC!P6:P305,"Sắp đến hạn")+COUNTIFS(CONG_VIEC!D6:D305,A15,CONG_VIEC!P6:P305,"Đến hạn hôm nay")) | F15: =IF(A15="","",COUNTIFS(CONG_VIEC!D6:D305,A15,CONG_VIEC!K6:K305,"Hoàn thành")) | G15: =IF(A15="","",COUNTIFS(CONG_VIEC!D6:D305,A15,CONG_VIEC!P6:P305,"Xong đúng hạn")) | H15: =IF(A15="","",COUNTIFS(CONG_VIEC!D6:D305,A15,CONG_VIEC!P6:P305,"Xong trễ"))
B16: =IF(A16="","",COUNTIF(CONG_VIEC!D6:D305,A16)) | C16: =IF(A16="","",B16-COUNTIFS(CONG_VIEC!D6:D305,A16,CONG_VIEC!K6:K305,"Hoàn thành")) | D16: =IF(A16="","",COUNTIFS(CONG_VIEC!D6:D305,A16,CONG_VIEC!P6:P305,"Quá hạn")) | E16: =IF(A16="","",COUNTIFS(CONG_VIEC!D6:D305,A16,CONG_VIEC!P6:P305,"Sắp đến hạn")+COUNTIFS(CONG_VIEC!D6:D305,A16,CONG_VIEC!P6:P305,"Đến hạn hôm nay")) | F16: =IF(A16="","",COUNTIFS(CONG_VIEC!D6:D305,A16,CONG_VIEC!K6:K305,"Hoàn thành")) | G16: =IF(A16="","",COUNTIFS(CONG_VIEC!D6:D305,A16,CONG_VIEC!P6:P305,"Xong đúng hạn")) | H16: =IF(A16="","",COUNTIFS(CONG_VIEC!D6:D305,A16,CONG_VIEC!P6:P305,"Xong trễ"))
B17: =IF(A17="","",COUNTIF(CONG_VIEC!D6:D305,A17)) | C17: =IF(A17="","",B17-COUNTIFS(CONG_VIEC!D6:D305,A17,CONG_VIEC!K6:K305,"Hoàn thành")) | D17: =IF(A17="","",COUNTIFS(CONG_VIEC!D6:D305,A17,CONG_VIEC!P6:P305,"Quá hạn")) | E17: =IF(A17="","",COUNTIFS(CONG_VIEC!D6:D305,A17,CONG_VIEC!P6:P305,"Sắp đến hạn")+COUNTIFS(CONG_VIEC!D6:D305,A17,CONG_VIEC!P6:P305,"Đến hạn hôm nay")) | F17: =IF(A17="","",COUNTIFS(CONG_VIEC!D6:D305,A17,CONG_VIEC!K6:K305,"Hoàn thành")) | G17: =IF(A17="","",COUNTIFS(CONG_VIEC!D6:D305,A17,CONG_VIEC!P6:P305,"Xong đúng hạn")) | H17: =IF(A17="","",COUNTIFS(CONG_VIEC!D6:D305,A17,CONG_VIEC!P6:P305,"Xong trễ"))
B18: =IF(A18="","",COUNTIF(CONG_VIEC!D6:D305,A18)) | C18: =IF(A18="","",B18-COUNTIFS(CONG_VIEC!D6:D305,A18,CONG_VIEC!K6:K305,"Hoàn thành")) | D18: =IF(A18="","",COUNTIFS(CONG_VIEC!D6:D305,A18,CONG_VIEC!P6:P305,"Quá hạn")) | E18: =IF(A18="","",COUNTIFS(CONG_VIEC!D6:D305,A18,CONG_VIEC!P6:P305,"Sắp đến hạn")+COUNTIFS(CONG_VIEC!D6:D305,A18,CONG_VIEC!P6:P305,"Đến hạn hôm nay")) | F18: =IF(A18="","",COUNTIFS(CONG_VIEC!D6:D305,A18,CONG_VIEC!K6:K305,"Hoàn thành")) | G18: =IF(A18="","",COUNTIFS(CONG_VIEC!D6:D305,A18,CONG_VIEC!P6:P305,"Xong đúng hạn")) | H18: =IF(A18="","",COUNTIFS(CONG_VIEC!D6:D305,A18,CONG_VIEC!P6:P305,"Xong trễ"))
B19: =IF(A19="","",COUNTIF(CONG_VIEC!D6:D305,A19)) | C19: =IF(A19="","",B19-COUNTIFS(CONG_VIEC!D6:D305,A19,CONG_VIEC!K6:K305,"Hoàn thành")) | D19: =IF(A19="","",COUNTIFS(CONG_VIEC!D6:D305,A19,CONG_VIEC!P6:P305,"Quá hạn")) | E19: =IF(A19="","",COUNTIFS(CONG_VIEC!D6:D305,A19,CONG_VIEC!P6:P305,"Sắp đến hạn")+COUNTIFS(CONG_VIEC!D6:D305,A19,CONG_VIEC!P6:P305,"Đến hạn hôm nay")) | F19: =IF(A19="","",COUNTIFS(CONG_VIEC!D6:D305,A19,CONG_VIEC!K6:K305,"Hoàn thành")) | G19: =IF(A19="","",COUNTIFS(CONG_VIEC!D6:D305,A19,CONG_VIEC!P6:P305,"Xong đúng hạn")) | H19: =IF(A19="","",COUNTIFS(CONG_VIEC!D6:D305,A19,CONG_VIEC!P6:P305,"Xong trễ"))
B20: =IF(A20="","",COUNTIF(CONG_VIEC!D6:D305,A20)) | C20: =IF(A20="","",B20-COUNTIFS(CONG_VIEC!D6:D305,A20,CONG_VIEC!K6:K305,"Hoàn thành")) | D20: =IF(A20="","",COUNTIFS(CONG_VIEC!D6:D305,A20,CONG_VIEC!P6:P305,"Quá hạn")) | E20: =IF(A20="","",COUNTIFS(CONG_VIEC!D6:D305,A20,CONG_VIEC!P6:P305,"Sắp đến hạn")+COUNTIFS(CONG_VIEC!D6:D305,A20,CONG_VIEC!P6:P305,"Đến hạn hôm nay")) | F20: =IF(A20="","",COUNTIFS(CONG_VIEC!D6:D305,A20,CONG_VIEC!K6:K305,"Hoàn thành")) | G20: =IF(A20="","",COUNTIFS(CONG_VIEC!D6:D305,A20,CONG_VIEC!P6:P305,"Xong đúng hạn")) | H20: =IF(A20="","",COUNTIFS(CONG_VIEC!D6:D305,A20,CONG_VIEC!P6:P305,"Xong trễ"))
A22: KPI CÁ NHÂN THEO NGƯỜI PHỤ TRÁCH
A23: Người phụ trách | B23: Tổng việc | C23: Đang mở | D23: Quá hạn | E23: Đến hạn ≤3 ngày | F23: Hoàn thành | G23: Xong đúng hạn | H23: Xong trễ | I23: Tỷ lệ đúng hạn | J23: Tỷ lệ hoàn thành
A24: =ARRAYFORMULA(IF(DANH_MUC!C5:C24="","",DANH_MUC!C5:C24)) | B24: =IF(A24="","",COUNTIF(CONG_VIEC!F6:F305,A24)) | C24: =IF(A24="","",B24-COUNTIFS(CONG_VIEC!F6:F305,A24,CONG_VIEC!K6:K305,"Hoàn thành")) | D24: =IF(A24="","",COUNTIFS(CONG_VIEC!F6:F305,A24,CONG_VIEC!P6:P305,"Quá hạn")) | E24: =IF(A24="","",COUNTIFS(CONG_VIEC!F6:F305,A24,CONG_VIEC!P6:P305,"Sắp đến hạn")+COUNTIFS(CONG_VIEC!F6:F305,A24,CONG_VIEC!P6:P305,"Đến hạn hôm nay")) | F24: =IF(A24="","",COUNTIFS(CONG_VIEC!F6:F305,A24,CONG_VIEC!K6:K305,"Hoàn thành")) | G24: =IF(A24="","",COUNTIFS(CONG_VIEC!F6:F305,A24,CONG_VIEC!P6:P305,"Xong đúng hạn")) | H24: =IF(A24="","",COUNTIFS(CONG_VIEC!F6:F305,A24,CONG_VIEC!P6:P305,"Xong trễ")) | I24: =ARRAYFORMULA(IF(A24:A43="","",IFERROR(G24:G43/(G24:G43+H24:H43),"-"))) | J24: =ARRAYFORMULA(IF(A24:A43="","",IFERROR(F24:F43/B24:B43,"-")))
B25: =IF(A25="","",COUNTIF(CONG_VIEC!F6:F305,A25)) | C25: =IF(A25="","",B25-COUNTIFS(CONG_VIEC!F6:F305,A25,CONG_VIEC!K6:K305,"Hoàn thành")) | D25: =IF(A25="","",COUNTIFS(CONG_VIEC!F6:F305,A25,CONG_VIEC!P6:P305,"Quá hạn")) | E25: =IF(A25="","",COUNTIFS(CONG_VIEC!F6:F305,A25,CONG_VIEC!P6:P305,"Sắp đến hạn")+COUNTIFS(CONG_VIEC!F6:F305,A25,CONG_VIEC!P6:P305,"Đến hạn hôm nay")) | F25: =IF(A25="","",COUNTIFS(CONG_VIEC!F6:F305,A25,CONG_VIEC!K6:K305,"Hoàn thành")) | G25: =IF(A25="","",COUNTIFS(CONG_VIEC!F6:F305,A25,CONG_VIEC!P6:P305,"Xong đúng hạn")) | H25: =IF(A25="","",COUNTIFS(CONG_VIEC!F6:F305,A25,CONG_VIEC!P6:P305,"Xong trễ"))
B26: =IF(A26="","",COUNTIF(CONG_VIEC!F6:F305,A26)) | C26: =IF(A26="","",B26-COUNTIFS(CONG_VIEC!F6:F305,A26,CONG_VIEC!K6:K305,"Hoàn thành")) | D26: =IF(A26="","",COUNTIFS(CONG_VIEC!F6:F305,A26,CONG_VIEC!P6:P305,"Quá hạn")) | E26: =IF(A26="","",COUNTIFS(CONG_VIEC!F6:F305,A26,CONG_VIEC!P6:P305,"Sắp đến hạn")+COUNTIFS(CONG_VIEC!F6:F305,A26,CONG_VIEC!P6:P305,"Đến hạn hôm nay")) | F26: =IF(A26="","",COUNTIFS(CONG_VIEC!F6:F305,A26,CONG_VIEC!K6:K305,"Hoàn thành")) | G26: =IF(A26="","",COUNTIFS(CONG_VIEC!F6:F305,A26,CONG_VIEC!P6:P305,"Xong đúng hạn")) | H26: =IF(A26="","",COUNTIFS(CONG_VIEC!F6:F305,A26,CONG_VIEC!P6:P305,"Xong trễ"))
B27: =IF(A27="","",COUNTIF(CONG_VIEC!F6:F305,A27)) | C27: =IF(A27="","",B27-COUNTIFS(CONG_VIEC!F6:F305,A27,CONG_VIEC!K6:K305,"Hoàn thành")) | D27: =IF(A27="","",COUNTIFS(CONG_VIEC!F6:F305,A27,CONG_VIEC!P6:P305,"Quá hạn")) | E27: =IF(A27="","",COUNTIFS(CONG_VIEC!F6:F305,A27,CONG_VIEC!P6:P305,"Sắp đến hạn")+COUNTIFS(CONG_VIEC!F6:F305,A27,CONG_VIEC!P6:P305,"Đến hạn hôm nay")) | F27: =IF(A27="","",COUNTIFS(CONG_VIEC!F6:F305,A27,CONG_VIEC!K6:K305,"Hoàn thành")) | G27: =IF(A27="","",COUNTIFS(CONG_VIEC!F6:F305,A27,CONG_VIEC!P6:P305,"Xong đúng hạn")) | H27: =IF(A27="","",COUNTIFS(CONG_VIEC!F6:F305,A27,CONG_VIEC!P6:P305,"Xong trễ"))
B28: =IF(A28="","",COUNTIF(CONG_VIEC!F6:F305,A28)) | C28: =IF(A28="","",B28-COUNTIFS(CONG_VIEC!F6:F305,A28,CONG_VIEC!K6:K305,"Hoàn thành")) | D28: =IF(A28="","",COUNTIFS(CONG_VIEC!F6:F305,A28,CONG_VIEC!P6:P305,"Quá hạn")) | E28: =IF(A28="","",COUNTIFS(CONG_VIEC!F6:F305,A28,CONG_VIEC!P6:P305,"Sắp đến hạn")+COUNTIFS(CONG_VIEC!F6:F305,A28,CONG_VIEC!P6:P305,"Đến hạn hôm nay")) | F28: =IF(A28="","",COUNTIFS(CONG_VIEC!F6:F305,A28,CONG_VIEC!K6:K305,"Hoàn thành")) | G28: =IF(A28="","",COUNTIFS(CONG_VIEC!F6:F305,A28,CONG_VIEC!P6:P305,"Xong đúng hạn")) | H28: =IF(A28="","",COUNTIFS(CONG_VIEC!F6:F305,A28,CONG_VIEC!P6:P305,"Xong trễ"))
B29: =IF(A29="","",COUNTIF(CONG_VIEC!F6:F305,A29)) | C29: =IF(A29="","",B29-COUNTIFS(CONG_VIEC!F6:F305,A29,CONG_VIEC!K6:K305,"Hoàn thành")) | D29: =IF(A29="","",COUNTIFS(CONG_VIEC!F6:F305,A29,CONG_VIEC!P6:P305,"Quá hạn")) | E29: =IF(A29="","",COUNTIFS(CONG_VIEC!F6:F305,A29,CONG_VIEC!P6:P305,"Sắp đến hạn")+COUNTIFS(CONG_VIEC!F6:F305,A29,CONG_VIEC!P6:P305,"Đến hạn hôm nay")) | F29: =IF(A29="","",COUNTIFS(CONG_VIEC!F6:F305,A29,CONG_VIEC!K6:K305,"Hoàn thành")) | G29: =IF(A29="","",COUNTIFS(CONG_VIEC!F6:F305,A29,CONG_VIEC!P6:P305,"Xong đúng hạn")) | H29: =IF(A29="","",COUNTIFS(CONG_VIEC!F6:F305,A29,CONG_VIEC!P6:P305,"Xong trễ"))
B30: =IF(A30="","",COUNTIF(CONG_VIEC!F6:F305,A30)) | C30: =IF(A30="","",B30-COUNTIFS(CONG_VIEC!F6:F305,A30,CONG_VIEC!K6:K305,"Hoàn thành")) | D30: =IF(A30="","",COUNTIFS(CONG_VIEC!F6:F305,A30,CONG_VIEC!P6:P305,"Quá hạn")) | E30: =IF(A30="","",COUNTIFS(CONG_VIEC!F6:F305,A30,CONG_VIEC!P6:P305,"Sắp đến hạn")+COUNTIFS(CONG_VIEC!F6:F305,A30,CONG_VIEC!P6:P305,"Đến hạn hôm nay")) | F30: =IF(A30="","",COUNTIFS(CONG_VIEC!F6:F305,A30,CONG_VIEC!K6:K305,"Hoàn thành")) | G30: =IF(A30="","",COUNTIFS(CONG_VIEC!F6:F305,A30,CONG_VIEC!P6:P305,"Xong đúng hạn")) | H30: =IF(A30="","",COUNTIFS(CONG_VIEC!F6:F305,A30,CONG_VIEC!P6:P305,"Xong trễ"))
B31: =IF(A31="","",COUNTIF(CONG_VIEC!F6:F305,A31)) | C31: =IF(A31="","",B31-COUNTIFS(CONG_VIEC!F6:F305,A31,CONG_VIEC!K6:K305,"Hoàn thành")) | D31: =IF(A31="","",COUNTIFS(CONG_VIEC!F6:F305,A31,CONG_VIEC!P6:P305,"Quá hạn")) | E31: =IF(A31="","",COUNTIFS(CONG_VIEC!F6:F305,A31,CONG_VIEC!P6:P305,"Sắp đến hạn")+COUNTIFS(CONG_VIEC!F6:F305,A31,CONG_VIEC!P6:P305,"Đến hạn hôm nay")) | F31: =IF(A31="","",COUNTIFS(CONG_VIEC!F6:F305,A31,CONG_VIEC!K6:K305,"Hoàn thành")) | G31: =IF(A31="","",COUNTIFS(CONG_VIEC!F6:F305,A31,CONG_VIEC!P6:P305,"Xong đúng hạn")) | H31: =IF(A31="","",COUNTIFS(CONG_VIEC!F6:F305,A31,CONG_VIEC!P6:P305,"Xong trễ"))
B32: =IF(A32="","",COUNTIF(CONG_VIEC!F6:F305,A32)) | C32: =IF(A32="","",B32-COUNTIFS(CONG_VIEC!F6:F305,A32,CONG_VIEC!K6:K305,"Hoàn thành")) | D32: =IF(A32="","",COUNTIFS(CONG_VIEC!F6:F305,A32,CONG_VIEC!P6:P305,"Quá hạn")) | E32: =IF(A32="","",COUNTIFS(CONG_VIEC!F6:F305,A32,CONG_VIEC!P6:P305,"Sắp đến hạn")+COUNTIFS(CONG_VIEC!F6:F305,A32,CONG_VIEC!P6:P305,"Đến hạn hôm nay")) | F32: =IF(A32="","",COUNTIFS(CONG_VIEC!F6:F305,A32,CONG_VIEC!K6:K305,"Hoàn thành")) | G32: =IF(A32="","",COUNTIFS(CONG_VIEC!F6:F305,A32,CONG_VIEC!P6:P305,"Xong đúng hạn")) | H32: =IF(A32="","",COUNTIFS(CONG_VIEC!F6:F305,A32,CONG_VIEC!P6:P305,"Xong trễ"))
B33: =IF(A33="","",COUNTIF(CONG_VIEC!F6:F305,A33)) | C33: =IF(A33="","",B33-COUNTIFS(CONG_VIEC!F6:F305,A33,CONG_VIEC!K6:K305,"Hoàn thành")) | D33: =IF(A33="","",COUNTIFS(CONG_VIEC!F6:F305,A33,CONG_VIEC!P6:P305,"Quá hạn")) | E33: =IF(A33="","",COUNTIFS(CONG_VIEC!F6:F305,A33,CONG_VIEC!P6:P305,"Sắp đến hạn")+COUNTIFS(CONG_VIEC!F6:F305,A33,CONG_VIEC!P6:P305,"Đến hạn hôm nay")) | F33: =IF(A33="","",COUNTIFS(CONG_VIEC!F6:F305,A33,CONG_VIEC!K6:K305,"Hoàn thành")) | G33: =IF(A33="","",COUNTIFS(CONG_VIEC!F6:F305,A33,CONG_VIEC!P6:P305,"Xong đúng hạn")) | H33: =IF(A33="","",COUNTIFS(CONG_VIEC!F6:F305,A33,CONG_VIEC!P6:P305,"Xong trễ"))
B34: =IF(A34="","",COUNTIF(CONG_VIEC!F6:F305,A34)) | C34: =IF(A34="","",B34-COUNTIFS(CONG_VIEC!F6:F305,A34,CONG_VIEC!K6:K305,"Hoàn thành")) | D34: =IF(A34="","",COUNTIFS(CONG_VIEC!F6:F305,A34,CONG_VIEC!P6:P305,"Quá hạn")) | E34: =IF(A34="","",COUNTIFS(CONG_VIEC!F6:F305,A34,CONG_VIEC!P6:P305,"Sắp đến hạn")+COUNTIFS(CONG_VIEC!F6:F305,A34,CONG_VIEC!P6:P305,"Đến hạn hôm nay")) | F34: =IF(A34="","",COUNTIFS(CONG_VIEC!F6:F305,A34,CONG_VIEC!K6:K305,"Hoàn thành")) | G34: =IF(A34="","",COUNTIFS(CONG_VIEC!F6:F305,A34,CONG_VIEC!P6:P305,"Xong đúng hạn")) | H34: =IF(A34="","",COUNTIFS(CONG_VIEC!F6:F305,A34,CONG_VIEC!P6:P305,"Xong trễ"))
B35: =IF(A35="","",COUNTIF(CONG_VIEC!F6:F305,A35)) | C35: =IF(A35="","",B35-COUNTIFS(CONG_VIEC!F6:F305,A35,CONG_VIEC!K6:K305,"Hoàn thành")) | D35: =IF(A35="","",COUNTIFS(CONG_VIEC!F6:F305,A35,CONG_VIEC!P6:P305,"Quá hạn")) | E35: =IF(A35="","",COUNTIFS(CONG_VIEC!F6:F305,A35,CONG_VIEC!P6:P305,"Sắp đến hạn")+COUNTIFS(CONG_VIEC!F6:F305,A35,CONG_VIEC!P6:P305,"Đến hạn hôm nay")) | F35: =IF(A35="","",COUNTIFS(CONG_VIEC!F6:F305,A35,CONG_VIEC!K6:K305,"Hoàn thành")) | G35: =IF(A35="","",COUNTIFS(CONG_VIEC!F6:F305,A35,CONG_VIEC!P6:P305,"Xong đúng hạn")) | H35: =IF(A35="","",COUNTIFS(CONG_VIEC!F6:F305,A35,CONG_VIEC!P6:P305,"Xong trễ"))
B36: =IF(A36="","",COUNTIF(CONG_VIEC!F6:F305,A36)) | C36: =IF(A36="","",B36-COUNTIFS(CONG_VIEC!F6:F305,A36,CONG_VIEC!K6:K305,"Hoàn thành")) | D36: =IF(A36="","",COUNTIFS(CONG_VIEC!F6:F305,A36,CONG_VIEC!P6:P305,"Quá hạn")) | E36: =IF(A36="","",COUNTIFS(CONG_VIEC!F6:F305,A36,CONG_VIEC!P6:P305,"Sắp đến hạn")+COUNTIFS(CONG_VIEC!F6:F305,A36,CONG_VIEC!P6:P305,"Đến hạn hôm nay")) | F36: =IF(A36="","",COUNTIFS(CONG_VIEC!F6:F305,A36,CONG_VIEC!K6:K305,"Hoàn thành")) | G36: =IF(A36="","",COUNTIFS(CONG_VIEC!F6:F305,A36,CONG_VIEC!P6:P305,"Xong đúng hạn")) | H36: =IF(A36="","",COUNTIFS(CONG_VIEC!F6:F305,A36,CONG_VIEC!P6:P305,"Xong trễ"))
B37: =IF(A37="","",COUNTIF(CONG_VIEC!F6:F305,A37)) | C37: =IF(A37="","",B37-COUNTIFS(CONG_VIEC!F6:F305,A37,CONG_VIEC!K6:K305,"Hoàn thành")) | D37: =IF(A37="","",COUNTIFS(CONG_VIEC!F6:F305,A37,CONG_VIEC!P6:P305,"Quá hạn")) | E37: =IF(A37="","",COUNTIFS(CONG_VIEC!F6:F305,A37,CONG_VIEC!P6:P305,"Sắp đến hạn")+COUNTIFS(CONG_VIEC!F6:F305,A37,CONG_VIEC!P6:P305,"Đến hạn hôm nay")) | F37: =IF(A37="","",COUNTIFS(CONG_VIEC!F6:F305,A37,CONG_VIEC!K6:K305,"Hoàn thành")) | G37: =IF(A37="","",COUNTIFS(CONG_VIEC!F6:F305,A37,CONG_VIEC!P6:P305,"Xong đúng hạn")) | H37: =IF(A37="","",COUNTIFS(CONG_VIEC!F6:F305,A37,CONG_VIEC!P6:P305,"Xong trễ"))
B38: =IF(A38="","",COUNTIF(CONG_VIEC!F6:F305,A38)) | C38: =IF(A38="","",B38-COUNTIFS(CONG_VIEC!F6:F305,A38,CONG_VIEC!K6:K305,"Hoàn thành")) | D38: =IF(A38="","",COUNTIFS(CONG_VIEC!F6:F305,A38,CONG_VIEC!P6:P305,"Quá hạn")) | E38: =IF(A38="","",COUNTIFS(CONG_VIEC!F6:F305,A38,CONG_VIEC!P6:P305,"Sắp đến hạn")+COUNTIFS(CONG_VIEC!F6:F305,A38,CONG_VIEC!P6:P305,"Đến hạn hôm nay")) | F38: =IF(A38="","",COUNTIFS(CONG_VIEC!F6:F305,A38,CONG_VIEC!K6:K305,"Hoàn thành")) | G38: =IF(A38="","",COUNTIFS(CONG_VIEC!F6:F305,A38,CONG_VIEC!P6:P305,"Xong đúng hạn")) | H38: =IF(A38="","",COUNTIFS(CONG_VIEC!F6:F305,A38,CONG_VIEC!P6:P305,"Xong trễ"))
B39: =IF(A39="","",COUNTIF(CONG_VIEC!F6:F305,A39)) | C39: =IF(A39="","",B39-COUNTIFS(CONG_VIEC!F6:F305,A39,CONG_VIEC!K6:K305,"Hoàn thành")) | D39: =IF(A39="","",COUNTIFS(CONG_VIEC!F6:F305,A39,CONG_VIEC!P6:P305,"Quá hạn")) | E39: =IF(A39="","",COUNTIFS(CONG_VIEC!F6:F305,A39,CONG_VIEC!P6:P305,"Sắp đến hạn")+COUNTIFS(CONG_VIEC!F6:F305,A39,CONG_VIEC!P6:P305,"Đến hạn hôm nay")) | F39: =IF(A39="","",COUNTIFS(CONG_VIEC!F6:F305,A39,CONG_VIEC!K6:K305,"Hoàn thành")) | G39: =IF(A39="","",COUNTIFS(CONG_VIEC!F6:F305,A39,CONG_VIEC!P6:P305,"Xong đúng hạn")) | H39: =IF(A39="","",COUNTIFS(CONG_VIEC!F6:F305,A39,CONG_VIEC!P6:P305,"Xong trễ"))
B40: =IF(A40="","",COUNTIF(CONG_VIEC!F6:F305,A40)) | C40: =IF(A40="","",B40-COUNTIFS(CONG_VIEC!F6:F305,A40,CONG_VIEC!K6:K305,"Hoàn thành")) | D40: =IF(A40="","",COUNTIFS(CONG_VIEC!F6:F305,A40,CONG_VIEC!P6:P305,"Quá hạn")) | E40: =IF(A40="","",COUNTIFS(CONG_VIEC!F6:F305,A40,CONG_VIEC!P6:P305,"Sắp đến hạn")+COUNTIFS(CONG_VIEC!F6:F305,A40,CONG_VIEC!P6:P305,"Đến hạn hôm nay")) | F40: =IF(A40="","",COUNTIFS(CONG_VIEC!F6:F305,A40,CONG_VIEC!K6:K305,"Hoàn thành")) | G40: =IF(A40="","",COUNTIFS(CONG_VIEC!F6:F305,A40,CONG_VIEC!P6:P305,"Xong đúng hạn")) | H40: =IF(A40="","",COUNTIFS(CONG_VIEC!F6:F305,A40,CONG_VIEC!P6:P305,"Xong trễ"))
B41: =IF(A41="","",COUNTIF(CONG_VIEC!F6:F305,A41)) | C41: =IF(A41="","",B41-COUNTIFS(CONG_VIEC!F6:F305,A41,CONG_VIEC!K6:K305,"Hoàn thành")) | D41: =IF(A41="","",COUNTIFS(CONG_VIEC!F6:F305,A41,CONG_VIEC!P6:P305,"Quá hạn")) | E41: =IF(A41="","",COUNTIFS(CONG_VIEC!F6:F305,A41,CONG_VIEC!P6:P305,"Sắp đến hạn")+COUNTIFS(CONG_VIEC!F6:F305,A41,CONG_VIEC!P6:P305,"Đến hạn hôm nay")) | F41: =IF(A41="","",COUNTIFS(CONG_VIEC!F6:F305,A41,CONG_VIEC!K6:K305,"Hoàn thành")) | G41: =IF(A41="","",COUNTIFS(CONG_VIEC!F6:F305,A41,CONG_VIEC!P6:P305,"Xong đúng hạn")) | H41: =IF(A41="","",COUNTIFS(CONG_VIEC!F6:F305,A41,CONG_VIEC!P6:P305,"Xong trễ"))
B42: =IF(A42="","",COUNTIF(CONG_VIEC!F6:F305,A42)) | C42: =IF(A42="","",B42-COUNTIFS(CONG_VIEC!F6:F305,A42,CONG_VIEC!K6:K305,"Hoàn thành")) | D42: =IF(A42="","",COUNTIFS(CONG_VIEC!F6:F305,A42,CONG_VIEC!P6:P305,"Quá hạn")) | E42: =IF(A42="","",COUNTIFS(CONG_VIEC!F6:F305,A42,CONG_VIEC!P6:P305,"Sắp đến hạn")+COUNTIFS(CONG_VIEC!F6:F305,A42,CONG_VIEC!P6:P305,"Đến hạn hôm nay")) | F42: =IF(A42="","",COUNTIFS(CONG_VIEC!F6:F305,A42,CONG_VIEC!K6:K305,"Hoàn thành")) | G42: =IF(A42="","",COUNTIFS(CONG_VIEC!F6:F305,A42,CONG_VIEC!P6:P305,"Xong đúng hạn")) | H42: =IF(A42="","",COUNTIFS(CONG_VIEC!F6:F305,A42,CONG_VIEC!P6:P305,"Xong trễ"))
B43: =IF(A43="","",COUNTIF(CONG_VIEC!F6:F305,A43)) | C43: =IF(A43="","",B43-COUNTIFS(CONG_VIEC!F6:F305,A43,CONG_VIEC!K6:K305,"Hoàn thành")) | D43: =IF(A43="","",COUNTIFS(CONG_VIEC!F6:F305,A43,CONG_VIEC!P6:P305,"Quá hạn")) | E43: =IF(A43="","",COUNTIFS(CONG_VIEC!F6:F305,A43,CONG_VIEC!P6:P305,"Sắp đến hạn")+COUNTIFS(CONG_VIEC!F6:F305,A43,CONG_VIEC!P6:P305,"Đến hạn hôm nay")) | F43: =IF(A43="","",COUNTIFS(CONG_VIEC!F6:F305,A43,CONG_VIEC!K6:K305,"Hoàn thành")) | G43: =IF(A43="","",COUNTIFS(CONG_VIEC!F6:F305,A43,CONG_VIEC!P6:P305,"Xong đúng hạn")) | H43: =IF(A43="","",COUNTIFS(CONG_VIEC!F6:F305,A43,CONG_VIEC!P6:P305,"Xong trễ"))

Sheet HOM_NAY
A1: VIỆC HÔM NAY — dùng giao ban đầu giờ
A2: Việc QUÁ HẠN + ĐẾN HẠN HÔM NAY, tự sắp theo hạn (cũ nhất lên đầu).
A3: Hôm nay: | B3: =TODAY() | D3: Số việc: | E3: =COUNTIF(CONG_VIEC!P6:P305,"Quá hạn")+COUNTIF(CONG_VIEC!P6:P305,"Đến hạn hôm nay")
A5: =IFERROR(QUERY(CONG_VIEC!A5:R305,"select A,C,D,F,J,R,P where C is not null and (P = 'Quá hạn' or P = 'Đến hạn hôm nay') order by J format J 'dd/mm/yyyy'",1),"(không có việc)") | H5: Trễ (ngày)
H6: =ARRAYFORMULA(IF(E6:E200="","",IFERROR(TODAY()-E6:E200,"")))

Sheet KANBAN
A1: BẢNG KANBAN — theo trạng thái
A2: Trạng thái để trống = 'Chưa làm'. Mỗi cột tự sắp theo hạn.
A4: ="CHƯA LÀM ("&COUNTIF(CONG_VIEC!R6:R305,"Chưa làm")&")" | E4: ="ĐANG LÀM ("&COUNTIF(CONG_VIEC!R6:R305,"Đang làm")&")" | I4: ="CHỜ DUYỆT ("&COUNTIF(CONG_VIEC!R6:R305,"Chờ duyệt")&")" | M4: ="HOÀN THÀNH ("&COUNTIF(CONG_VIEC!R6:R305,"Hoàn thành")&")"
A5: =IFERROR(QUERY(CONG_VIEC!A5:R305,"select C,F,J where C is not null and R = 'Chưa làm' order by J format J 'dd/mm/yyyy'",1),"(không có việc)") | E5: =IFERROR(QUERY(CONG_VIEC!A5:R305,"select C,F,J where C is not null and R = 'Đang làm' order by J format J 'dd/mm/yyyy'",1),"(không có việc)") | I5: =IFERROR(QUERY(CONG_VIEC!A5:R305,"select C,F,J where C is not null and R = 'Chờ duyệt' order by J format J 'dd/mm/yyyy'",1),"(không có việc)") | M5: =IFERROR(QUERY(CONG_VIEC!A5:R305,"select C,F,J where C is not null and R = 'Hoàn thành' order by J format J 'dd/mm/yyyy'",1),"(không có việc)")

Sheet EISENHOWER
A1: MA TRẬN EISENHOWER — việc chưa hoàn thành
A2: Quan trọng + Khẩn cấp → Làm ngay; Quan trọng → Lên lịch; Khẩn cấp → Giao lại; còn lại → Để sau.
A4: ="1. LÀM NGAY ("&COUNTIFS(CONG_VIEC!N6:N305,"1. Làm ngay",CONG_VIEC!R6:R305,"<>Hoàn thành")&")" | E4: ="2. LÊN LỊCH ("&COUNTIFS(CONG_VIEC!N6:N305,"2. Lên lịch",CONG_VIEC!R6:R305,"<>Hoàn thành")&")"
A5: =IFERROR(QUERY(CONG_VIEC!A5:R305,"select C,F,J where C is not null and N = '1. Làm ngay' and R <> 'Hoàn thành' order by J format J 'dd/mm/yyyy'",1),"(không có việc)") | E5: =IFERROR(QUERY(CONG_VIEC!A5:R305,"select C,F,J where C is not null and N = '2. Lên lịch' and R <> 'Hoàn thành' order by J format J 'dd/mm/yyyy'",1),"(không có việc)")
A33: Mỗi ô hiện tối đa ~28 việc trước khi chạm ô bên dưới; nếu nhiều hơn, xem bộ lọc ở CONG_VIEC.
A34: ="3. GIAO LẠI ("&COUNTIFS(CONG_VIEC!N6:N305,"3. Giao lại",CONG_VIEC!R6:R305,"<>Hoàn thành")&")" | E34: ="4. ĐỂ SAU ("&COUNTIFS(CONG_VIEC!N6:N305,"4. Để sau",CONG_VIEC!R6:R305,"<>Hoàn thành")&")"
A35: =IFERROR(QUERY(CONG_VIEC!A5:R305,"select C,F,J where C is not null and N = '3. Giao lại' and R <> 'Hoàn thành' order by J format J 'dd/mm/yyyy'",1),"(không có việc)") | E35: =IFERROR(QUERY(CONG_VIEC!A5:R305,"select C,F,J where C is not null and N = '4. Để sau' and R <> 'Hoàn thành' order by J format J 'dd/mm/yyyy'",1),"(không có việc)")

Sheet TUAN
A1: KẾ HOẠCH TUẦN
A2: Đổi ô vàng C3 sang ngày thứ Hai của tuần muốn xem. Mặc định = tuần hiện tại.
A3: Tuần bắt đầu: | C3: =TODAY()-WEEKDAY(TODAY(),2)+1 | D3: đến | E3: =C3+6 | G3: ="Tuần "&WEEKNUM(C3,21)
B4: Thứ Hai | C4: Thứ Ba | D4: Thứ Tư | E4: Thứ Năm | F4: Thứ Sáu | G4: Thứ Bảy | H4: Chủ nhật
A5: Ngày | B5: =$C$3+0 | C5: =$C$3+1 | D5: =$C$3+2 | E5: =$C$3+3 | F5: =$C$3+4 | G5: =$C$3+5 | H5: =$C$3+6
A6: Số việc đến hạn | B6: =COUNTIF(CONG_VIEC!J6:J305,B5) | C6: =COUNTIF(CONG_VIEC!J6:J305,C5) | D6: =COUNTIF(CONG_VIEC!J6:J305,D5) | E6: =COUNTIF(CONG_VIEC!J6:J305,E5) | F6: =COUNTIF(CONG_VIEC!J6:J305,F5) | G6: =COUNTIF(CONG_VIEC!J6:J305,G5) | H6: =COUNTIF(CONG_VIEC!J6:J305,H5)
A7: Đã xong | B7: =COUNTIFS(CONG_VIEC!J6:J305,B5,CONG_VIEC!K6:K305,"Hoàn thành") | C7: =COUNTIFS(CONG_VIEC!J6:J305,C5,CONG_VIEC!K6:K305,"Hoàn thành") | D7: =COUNTIFS(CONG_VIEC!J6:J305,D5,CONG_VIEC!K6:K305,"Hoàn thành") | E7: =COUNTIFS(CONG_VIEC!J6:J305,E5,CONG_VIEC!K6:K305,"Hoàn thành") | F7: =COUNTIFS(CONG_VIEC!J6:J305,F5,CONG_VIEC!K6:K305,"Hoàn thành") | G7: =COUNTIFS(CONG_VIEC!J6:J305,G5,CONG_VIEC!K6:K305,"Hoàn thành") | H7: =COUNTIFS(CONG_VIEC!J6:J305,H5,CONG_VIEC!K6:K305,"Hoàn thành")
A9: Danh sách việc có hạn trong tuần (sắp theo hạn)
A10: =IFERROR(QUERY(CONG_VIEC!A5:R305,"select J,C,D,F,R,P where C is not null and J >= date '"&TEXT(C3,"yyyy-mm-dd")&"' and J <= date '"&TEXT(C3+6,"yyyy-mm-dd")&"' order by J format J 'dd/mm/yyyy'",1),"(không có việc)")

Sheet LICH_THANG
A1: LỊCH THÁNG — việc theo hạn hoàn thành
A2: Đổi ô vàng C3 sang ngày 1 của tháng muốn xem. Mỗi ô: số việc đến hạn và tên các việc.
A3: Tháng: | C3: =DATE(YEAR(TODAY()),MONTH(TODAY()),1) | D3: Ô lịch đầu: | E3: =C3-WEEKDAY(C3,2)+1
A5: Thứ Hai | B5: Thứ Ba | C5: Thứ Tư | D5: Thứ Năm | E5: Thứ Sáu | F5: Thứ Bảy | G5: Chủ nhật
A6: =$E$3+0 | B6: =$E$3+1 | C6: =$E$3+2 | D6: =$E$3+3 | E6: =$E$3+4 | F6: =$E$3+5 | G6: =$E$3+6
A7: =IF(COUNTIF(CONG_VIEC!J6:J305,A6)=0,"",COUNTIF(CONG_VIEC!J6:J305,A6)&" việc"&IF(COUNTIFS(CONG_VIEC!J6:J305,A6,CONG_VIEC!P6:P305,"Quá hạn")>0," · "&COUNTIFS(CONG_VIEC!J6:J305,A6,CONG_VIEC!P6:P305,"Quá hạn")&" quá hạn","")) | B7: =IF(COUNTIF(CONG_VIEC!J6:J305,B6)=0,"",COUNTIF(CONG_VIEC!J6:J305,B6)&" việc"&IF(COUNTIFS(CONG_VIEC!J6:J305,B6,CONG_VIEC!P6:P305,"Quá hạn")>0," · "&COUNTIFS(CONG_VIEC!J6:J305,B6,CONG_VIEC!P6:P305,"Quá hạn")&" quá hạn","")) | C7: =IF(COUNTIF(CONG_VIEC!J6:J305,C6)=0,"",COUNTIF(CONG_VIEC!J6:J305,C6)&" việc"&IF(COUNTIFS(CONG_VIEC!J6:J305,C6,CONG_VIEC!P6:P305,"Quá hạn")>0," · "&COUNTIFS(CONG_VIEC!J6:J305,C6,CONG_VIEC!P6:P305,"Quá hạn")&" quá hạn","")) | D7: =IF(COUNTIF(CONG_VIEC!J6:J305,D6)=0,"",COUNTIF(CONG_VIEC!J6:J305,D6)&" việc"&IF(COUNTIFS(CONG_VIEC!J6:J305,D6,CONG_VIEC!P6:P305,"Quá hạn")>0," · "&COUNTIFS(CONG_VIEC!J6:J305,D6,CONG_VIEC!P6:P305,"Quá hạn")&" quá hạn","")) | E7: =IF(COUNTIF(CONG_VIEC!J6:J305,E6)=0,"",COUNTIF(CONG_VIEC!J6:J305,E6)&" việc"&IF(COUNTIFS(CONG_VIEC!J6:J305,E6,CONG_VIEC!P6:P305,"Quá hạn")>0," · "&COUNTIFS(CONG_VIEC!J6:J305,E6,CONG_VIEC!P6:P305,"Quá hạn")&" quá hạn","")) | F7: =IF(COUNTIF(CONG_VIEC!J6:J305,F6)=0,"",COUNTIF(CONG_VIEC!J6:J305,F6)&" việc"&IF(COUNTIFS(CONG_VIEC!J6:J305,F6,CONG_VIEC!P6:P305,"Quá hạn")>0," · "&COUNTIFS(CONG_VIEC!J6:J305,F6,CONG_VIEC!P6:P305,"Quá hạn")&" quá hạn","")) | G7: =IF(COUNTIF(CONG_VIEC!J6:J305,G6)=0,"",COUNTIF(CONG_VIEC!J6:J305,G6)&" việc"&IF(COUNTIFS(CONG_VIEC!J6:J305,G6,CONG_VIEC!P6:P305,"Quá hạn")>0," · "&COUNTIFS(CONG_VIEC!J6:J305,G6,CONG_VIEC!P6:P305,"Quá hạn")&" quá hạn",""))
A8: =IFERROR(TEXTJOIN(CHAR(10),TRUE,FILTER(CONG_VIEC!C6:C305,CONG_VIEC!J6:J305=A6)),"") | B8: =IFERROR(TEXTJOIN(CHAR(10),TRUE,FILTER(CONG_VIEC!C6:C305,CONG_VIEC!J6:J305=B6)),"") | C8: =IFERROR(TEXTJOIN(CHAR(10),TRUE,FILTER(CONG_VIEC!C6:C305,CONG_VIEC!J6:J305=C6)),"") | D8: =IFERROR(TEXTJOIN(CHAR(10),TRUE,FILTER(CONG_VIEC!C6:C305,CONG_VIEC!J6:J305=D6)),"") | E8: =IFERROR(TEXTJOIN(CHAR(10),TRUE,FILTER(CONG_VIEC!C6:C305,CONG_VIEC!J6:J305=E6)),"") | F8: =IFERROR(TEXTJOIN(CHAR(10),TRUE,FILTER(CONG_VIEC!C6:C305,CONG_VIEC!J6:J305=F6)),"") | G8: =IFERROR(TEXTJOIN(CHAR(10),TRUE,FILTER(CONG_VIEC!C6:C305,CONG_VIEC!J6:J305=G6)),"")
A9: =$E$3+7 | B9: =$E$3+8 | C9: =$E$3+9 | D9: =$E$3+10 | E9: =$E$3+11 | F9: =$E$3+12 | G9: =$E$3+13
A10: =IF(COUNTIF(CONG_VIEC!J6:J305,A9)=0,"",COUNTIF(CONG_VIEC!J6:J305,A9)&" việc"&IF(COUNTIFS(CONG_VIEC!J6:J305,A9,CONG_VIEC!P6:P305,"Quá hạn")>0," · "&COUNTIFS(CONG_VIEC!J6:J305,A9,CONG_VIEC!P6:P305,"Quá hạn")&" quá hạn","")) | B10: =IF(COUNTIF(CONG_VIEC!J6:J305,B9)=0,"",COUNTIF(CONG_VIEC!J6:J305,B9)&" việc"&IF(COUNTIFS(CONG_VIEC!J6:J305,B9,CONG_VIEC!P6:P305,"Quá hạn")>0," · "&COUNTIFS(CONG_VIEC!J6:J305,B9,CONG_VIEC!P6:P305,"Quá hạn")&" quá hạn","")) | C10: =IF(COUNTIF(CONG_VIEC!J6:J305,C9)=0,"",COUNTIF(CONG_VIEC!J6:J305,C9)&" việc"&IF(COUNTIFS(CONG_VIEC!J6:J305,C9,CONG_VIEC!P6:P305,"Quá hạn")>0," · "&COUNTIFS(CONG_VIEC!J6:J305,C9,CONG_VIEC!P6:P305,"Quá hạn")&" quá hạn","")) | D10: =IF(COUNTIF(CONG_VIEC!J6:J305,D9)=0,"",COUNTIF(CONG_VIEC!J6:J305,D9)&" việc"&IF(COUNTIFS(CONG_VIEC!J6:J305,D9,CONG_VIEC!P6:P305,"Quá hạn")>0," · "&COUNTIFS(CONG_VIEC!J6:J305,D9,CONG_VIEC!P6:P305,"Quá hạn")&" quá hạn","")) | E10: =IF(COUNTIF(CONG_VIEC!J6:J305,E9)=0,"",COUNTIF(CONG_VIEC!J6:J305,E9)&" việc"&IF(COUNTIFS(CONG_VIEC!J6:J305,E9,CONG_VIEC!P6:P305,"Quá hạn")>0," · "&COUNTIFS(CONG_VIEC!J6:J305,E9,CONG_VIEC!P6:P305,"Quá hạn")&" quá hạn","")) | F10: =IF(COUNTIF(CONG_VIEC!J6:J305,F9)=0,"",COUNTIF(CONG_VIEC!J6:J305,F9)&" việc"&IF(COUNTIFS(CONG_VIEC!J6:J305,F9,CONG_VIEC!P6:P305,"Quá hạn")>0," · "&COUNTIFS(CONG_VIEC!J6:J305,F9,CONG_VIEC!P6:P305,"Quá hạn")&" quá hạn","")) | G10: =IF(COUNTIF(CONG_VIEC!J6:J305,G9)=0,"",COUNTIF(CONG_VIEC!J6:J305,G9)&" việc"&IF(COUNTIFS(CONG_VIEC!J6:J305,G9,CONG_VIEC!P6:P305,"Quá hạn")>0," · "&COUNTIFS(CONG_VIEC!J6:J305,G9,CONG_VIEC!P6:P305,"Quá hạn")&" quá hạn",""))
A11: =IFERROR(TEXTJOIN(CHAR(10),TRUE,FILTER(CONG_VIEC!C6:C305,CONG_VIEC!J6:J305=A9)),"") | B11: =IFERROR(TEXTJOIN(CHAR(10),TRUE,FILTER(CONG_VIEC!C6:C305,CONG_VIEC!J6:J305=B9)),"") | C11: =IFERROR(TEXTJOIN(CHAR(10),TRUE,FILTER(CONG_VIEC!C6:C305,CONG_VIEC!J6:J305=C9)),"") | D11: =IFERROR(TEXTJOIN(CHAR(10),TRUE,FILTER(CONG_VIEC!C6:C305,CONG_VIEC!J6:J305=D9)),"") | E11: =IFERROR(TEXTJOIN(CHAR(10),TRUE,FILTER(CONG_VIEC!C6:C305,CONG_VIEC!J6:J305=E9)),"") | F11: =IFERROR(TEXTJOIN(CHAR(10),TRUE,FILTER(CONG_VIEC!C6:C305,CONG_VIEC!J6:J305=F9)),"") | G11: =IFERROR(TEXTJOIN(CHAR(10),TRUE,FILTER(CONG_VIEC!C6:C305,CONG_VIEC!J6:J305=G9)),"")
A12: =$E$3+14 | B12: =$E$3+15 | C12: =$E$3+16 | D12: =$E$3+17 | E12: =$E$3+18 | F12: =$E$3+19 | G12: =$E$3+20
A13: =IF(COUNTIF(CONG_VIEC!J6:J305,A12)=0,"",COUNTIF(CONG_VIEC!J6:J305,A12)&" việc"&IF(COUNTIFS(CONG_VIEC!J6:J305,A12,CONG_VIEC!P6:P305,"Quá hạn")>0," · "&COUNTIFS(CONG_VIEC!J6:J305,A12,CONG_VIEC!P6:P305,"Quá hạn")&" quá hạn","")) | B13: =IF(COUNTIF(CONG_VIEC!J6:J305,B12)=0,"",COUNTIF(CONG_VIEC!J6:J305,B12)&" việc"&IF(COUNTIFS(CONG_VIEC!J6:J305,B12,CONG_VIEC!P6:P305,"Quá hạn")>0," · "&COUNTIFS(CONG_VIEC!J6:J305,B12,CONG_VIEC!P6:P305,"Quá hạn")&" quá hạn","")) | C13: =IF(COUNTIF(CONG_VIEC!J6:J305,C12)=0,"",COUNTIF(CONG_VIEC!J6:J305,C12)&" việc"&IF(COUNTIFS(CONG_VIEC!J6:J305,C12,CONG_VIEC!P6:P305,"Quá hạn")>0," · "&COUNTIFS(CONG_VIEC!J6:J305,C12,CONG_VIEC!P6:P305,"Quá hạn")&" quá hạn","")) | D13: =IF(COUNTIF(CONG_VIEC!J6:J305,D12)=0,"",COUNTIF(CONG_VIEC!J6:J305,D12)&" việc"&IF(COUNTIFS(CONG_VIEC!J6:J305,D12,CONG_VIEC!P6:P305,"Quá hạn")>0," · "&COUNTIFS(CONG_VIEC!J6:J305,D12,CONG_VIEC!P6:P305,"Quá hạn")&" quá hạn","")) | E13: =IF(COUNTIF(CONG_VIEC!J6:J305,E12)=0,"",COUNTIF(CONG_VIEC!J6:J305,E12)&" việc"&IF(COUNTIFS(CONG_VIEC!J6:J305,E12,CONG_VIEC!P6:P305,"Quá hạn")>0," · "&COUNTIFS(CONG_VIEC!J6:J305,E12,CONG_VIEC!P6:P305,"Quá hạn")&" quá hạn","")) | F13: =IF(COUNTIF(CONG_VIEC!J6:J305,F12)=0,"",COUNTIF(CONG_VIEC!J6:J305,F12)&" việc"&IF(COUNTIFS(CONG_VIEC!J6:J305,F12,CONG_VIEC!P6:P305,"Quá hạn")>0," · "&COUNTIFS(CONG_VIEC!J6:J305,F12,CONG_VIEC!P6:P305,"Quá hạn")&" quá hạn","")) | G13: =IF(COUNTIF(CONG_VIEC!J6:J305,G12)=0,"",COUNTIF(CONG_VIEC!J6:J305,G12)&" việc"&IF(COUNTIFS(CONG_VIEC!J6:J305,G12,CONG_VIEC!P6:P305,"Quá hạn")>0," · "&COUNTIFS(CONG_VIEC!J6:J305,G12,CONG_VIEC!P6:P305,"Quá hạn")&" quá hạn",""))
A14: =IFERROR(TEXTJOIN(CHAR(10),TRUE,FILTER(CONG_VIEC!C6:C305,CONG_VIEC!J6:J305=A12)),"") | B14: =IFERROR(TEXTJOIN(CHAR(10),TRUE,FILTER(CONG_VIEC!C6:C305,CONG_VIEC!J6:J305=B12)),"") | C14: =IFERROR(TEXTJOIN(CHAR(10),TRUE,FILTER(CONG_VIEC!C6:C305,CONG_VIEC!J6:J305=C12)),"") | D14: =IFERROR(TEXTJOIN(CHAR(10),TRUE,FILTER(CONG_VIEC!C6:C305,CONG_VIEC!J6:J305=D12)),"") | E14: =IFERROR(TEXTJOIN(CHAR(10),TRUE,FILTER(CONG_VIEC!C6:C305,CONG_VIEC!J6:J305=E12)),"") | F14: =IFERROR(TEXTJOIN(CHAR(10),TRUE,FILTER(CONG_VIEC!C6:C305,CONG_VIEC!J6:J305=F12)),"") | G14: =IFERROR(TEXTJOIN(CHAR(10),TRUE,FILTER(CONG_VIEC!C6:C305,CONG_VIEC!J6:J305=G12)),"")
A15: =$E$3+21 | B15: =$E$3+22 | C15: =$E$3+23 | D15: =$E$3+24 | E15: =$E$3+25 | F15: =$E$3+26 | G15: =$E$3+27
A16: =IF(COUNTIF(CONG_VIEC!J6:J305,A15)=0,"",COUNTIF(CONG_VIEC!J6:J305,A15)&" việc"&IF(COUNTIFS(CONG_VIEC!J6:J305,A15,CONG_VIEC!P6:P305,"Quá hạn")>0," · "&COUNTIFS(CONG_VIEC!J6:J305,A15,CONG_VIEC!P6:P305,"Quá hạn")&" quá hạn","")) | B16: =IF(COUNTIF(CONG_VIEC!J6:J305,B15)=0,"",COUNTIF(CONG_VIEC!J6:J305,B15)&" việc"&IF(COUNTIFS(CONG_VIEC!J6:J305,B15,CONG_VIEC!P6:P305,"Quá hạn")>0," · "&COUNTIFS(CONG_VIEC!J6:J305,B15,CONG_VIEC!P6:P305,"Quá hạn")&" quá hạn","")) | C16: =IF(COUNTIF(CONG_VIEC!J6:J305,C15)=0,"",COUNTIF(CONG_VIEC!J6:J305,C15)&" việc"&IF(COUNTIFS(CONG_VIEC!J6:J305,C15,CONG_VIEC!P6:P305,"Quá hạn")>0," · "&COUNTIFS(CONG_VIEC!J6:J305,C15,CONG_VIEC!P6:P305,"Quá hạn")&" quá hạn","")) | D16: =IF(COUNTIF(CONG_VIEC!J6:J305,D15)=0,"",COUNTIF(CONG_VIEC!J6:J305,D15)&" việc"&IF(COUNTIFS(CONG_VIEC!J6:J305,D15,CONG_VIEC!P6:P305,"Quá hạn")>0," · "&COUNTIFS(CONG_VIEC!J6:J305,D15,CONG_VIEC!P6:P305,"Quá hạn")&" quá hạn","")) | E16: =IF(COUNTIF(CONG_VIEC!J6:J305,E15)=0,"",COUNTIF(CONG_VIEC!J6:J305,E15)&" việc"&IF(COUNTIFS(CONG_VIEC!J6:J305,E15,CONG_VIEC!P6:P305,"Quá hạn")>0," · "&COUNTIFS(CONG_VIEC!J6:J305,E15,CONG_VIEC!P6:P305,"Quá hạn")&" quá hạn","")) | F16: =IF(COUNTIF(CONG_VIEC!J6:J305,F15)=0,"",COUNTIF(CONG_VIEC!J6:J305,F15)&" việc"&IF(COUNTIFS(CONG_VIEC!J6:J305,F15,CONG_VIEC!P6:P305,"Quá hạn")>0," · "&COUNTIFS(CONG_VIEC!J6:J305,F15,CONG_VIEC!P6:P305,"Quá hạn")&" quá hạn","")) | G16: =IF(COUNTIF(CONG_VIEC!J6:J305,G15)=0,"",COUNTIF(CONG_VIEC!J6:J305,G15)&" việc"&IF(COUNTIFS(CONG_VIEC!J6:J305,G15,CONG_VIEC!P6:P305,"Quá hạn")>0," · "&COUNTIFS(CONG_VIEC!J6:J305,G15,CONG_VIEC!P6:P305,"Quá hạn")&" quá hạn",""))
A17: =IFERROR(TEXTJOIN(CHAR(10),TRUE,FILTER(CONG_VIEC!C6:C305,CONG_VIEC!J6:J305=A15)),"") | B17: =IFERROR(TEXTJOIN(CHAR(10),TRUE,FILTER(CONG_VIEC!C6:C305,CONG_VIEC!J6:J305=B15)),"") | C17: =IFERROR(TEXTJOIN(CHAR(10),TRUE,FILTER(CONG_VIEC!C6:C305,CONG_VIEC!J6:J305=C15)),"") | D17: =IFERROR(TEXTJOIN(CHAR(10),TRUE,FILTER(CONG_VIEC!C6:C305,CONG_VIEC!J6:J305=D15)),"") | E17: =IFERROR(TEXTJOIN(CHAR(10),TRUE,FILTER(CONG_VIEC!C6:C305,CONG_VIEC!J6:J305=E15)),"") | F17: =IFERROR(TEXTJOIN(CHAR(10),TRUE,FILTER(CONG_VIEC!C6:C305,CONG_VIEC!J6:J305=F15)),"") | G17: =IFERROR(TEXTJOIN(CHAR(10),TRUE,FILTER(CONG_VIEC!C6:C305,CONG_VIEC!J6:J305=G15)),"")
A18: =$E$3+28 | B18: =$E$3+29 | C18: =$E$3+30 | D18: =$E$3+31 | E18: =$E$3+32 | F18: =$E$3+33 | G18: =$E$3+34
A19: =IF(COUNTIF(CONG_VIEC!J6:J305,A18)=0,"",COUNTIF(CONG_VIEC!J6:J305,A18)&" việc"&IF(COUNTIFS(CONG_VIEC!J6:J305,A18,CONG_VIEC!P6:P305,"Quá hạn")>0," · "&COUNTIFS(CONG_VIEC!J6:J305,A18,CONG_VIEC!P6:P305,"Quá hạn")&" quá hạn","")) | B19: =IF(COUNTIF(CONG_VIEC!J6:J305,B18)=0,"",COUNTIF(CONG_VIEC!J6:J305,B18)&" việc"&IF(COUNTIFS(CONG_VIEC!J6:J305,B18,CONG_VIEC!P6:P305,"Quá hạn")>0," · "&COUNTIFS(CONG_VIEC!J6:J305,B18,CONG_VIEC!P6:P305,"Quá hạn")&" quá hạn","")) | C19: =IF(COUNTIF(CONG_VIEC!J6:J305,C18)=0,"",COUNTIF(CONG_VIEC!J6:J305,C18)&" việc"&IF(COUNTIFS(CONG_VIEC!J6:J305,C18,CONG_VIEC!P6:P305,"Quá hạn")>0," · "&COUNTIFS(CONG_VIEC!J6:J305,C18,CONG_VIEC!P6:P305,"Quá hạn")&" quá hạn","")) | D19: =IF(COUNTIF(CONG_VIEC!J6:J305,D18)=0,"",COUNTIF(CONG_VIEC!J6:J305,D18)&" việc"&IF(COUNTIFS(CONG_VIEC!J6:J305,D18,CONG_VIEC!P6:P305,"Quá hạn")>0," · "&COUNTIFS(CONG_VIEC!J6:J305,D18,CONG_VIEC!P6:P305,"Quá hạn")&" quá hạn","")) | E19: =IF(COUNTIF(CONG_VIEC!J6:J305,E18)=0,"",COUNTIF(CONG_VIEC!J6:J305,E18)&" việc"&IF(COUNTIFS(CONG_VIEC!J6:J305,E18,CONG_VIEC!P6:P305,"Quá hạn")>0," · "&COUNTIFS(CONG_VIEC!J6:J305,E18,CONG_VIEC!P6:P305,"Quá hạn")&" quá hạn","")) | F19: =IF(COUNTIF(CONG_VIEC!J6:J305,F18)=0,"",COUNTIF(CONG_VIEC!J6:J305,F18)&" việc"&IF(COUNTIFS(CONG_VIEC!J6:J305,F18,CONG_VIEC!P6:P305,"Quá hạn")>0," · "&COUNTIFS(CONG_VIEC!J6:J305,F18,CONG_VIEC!P6:P305,"Quá hạn")&" quá hạn","")) | G19: =IF(COUNTIF(CONG_VIEC!J6:J305,G18)=0,"",COUNTIF(CONG_VIEC!J6:J305,G18)&" việc"&IF(COUNTIFS(CONG_VIEC!J6:J305,G18,CONG_VIEC!P6:P305,"Quá hạn")>0," · "&COUNTIFS(CONG_VIEC!J6:J305,G18,CONG_VIEC!P6:P305,"Quá hạn")&" quá hạn",""))
A20: =IFERROR(TEXTJOIN(CHAR(10),TRUE,FILTER(CONG_VIEC!C6:C305,CONG_VIEC!J6:J305=A18)),"") | B20: =IFERROR(TEXTJOIN(CHAR(10),TRUE,FILTER(CONG_VIEC!C6:C305,CONG_VIEC!J6:J305=B18)),"") | C20: =IFERROR(TEXTJOIN(CHAR(10),TRUE,FILTER(CONG_VIEC!C6:C305,CONG_VIEC!J6:J305=C18)),"") | D20: =IFERROR(TEXTJOIN(CHAR(10),TRUE,FILTER(CONG_VIEC!C6:C305,CONG_VIEC!J6:J305=D18)),"") | E20: =IFERROR(TEXTJOIN(CHAR(10),TRUE,FILTER(CONG_VIEC!C6:C305,CONG_VIEC!J6:J305=E18)),"") | F20: =IFERROR(TEXTJOIN(CHAR(10),TRUE,FILTER(CONG_VIEC!C6:C305,CONG_VIEC!J6:J305=F18)),"") | G20: =IFERROR(TEXTJOIN(CHAR(10),TRUE,FILTER(CONG_VIEC!C6:C305,CONG_VIEC!J6:J305=G18)),"")
A21: =$E$3+35 | B21: =$E$3+36 | C21: =$E$3+37 | D21: =$E$3+38 | E21: =$E$3+39 | F21: =$E$3+40 | G21: =$E$3+41
A22: =IF(COUNTIF(CONG_VIEC!J6:J305,A21)=0,"",COUNTIF(CONG_VIEC!J6:J305,A21)&" việc"&IF(COUNTIFS(CONG_VIEC!J6:J305,A21,CONG_VIEC!P6:P305,"Quá hạn")>0," · "&COUNTIFS(CONG_VIEC!J6:J305,A21,CONG_VIEC!P6:P305,"Quá hạn")&" quá hạn","")) | B22: =IF(COUNTIF(CONG_VIEC!J6:J305,B21)=0,"",COUNTIF(CONG_VIEC!J6:J305,B21)&" việc"&IF(COUNTIFS(CONG_VIEC!J6:J305,B21,CONG_VIEC!P6:P305,"Quá hạn")>0," · "&COUNTIFS(CONG_VIEC!J6:J305,B21,CONG_VIEC!P6:P305,"Quá hạn")&" quá hạn","")) | C22: =IF(COUNTIF(CONG_VIEC!J6:J305,C21)=0,"",COUNTIF(CONG_VIEC!J6:J305,C21)&" việc"&IF(COUNTIFS(CONG_VIEC!J6:J305,C21,CONG_VIEC!P6:P305,"Quá hạn")>0," · "&COUNTIFS(CONG_VIEC!J6:J305,C21,CONG_VIEC!P6:P305,"Quá hạn")&" quá hạn","")) | D22: =IF(COUNTIF(CONG_VIEC!J6:J305,D21)=0,"",COUNTIF(CONG_VIEC!J6:J305,D21)&" việc"&IF(COUNTIFS(CONG_VIEC!J6:J305,D21,CONG_VIEC!P6:P305,"Quá hạn")>0," · "&COUNTIFS(CONG_VIEC!J6:J305,D21,CONG_VIEC!P6:P305,"Quá hạn")&" quá hạn","")) | E22: =IF(COUNTIF(CONG_VIEC!J6:J305,E21)=0,"",COUNTIF(CONG_VIEC!J6:J305,E21)&" việc"&IF(COUNTIFS(CONG_VIEC!J6:J305,E21,CONG_VIEC!P6:P305,"Quá hạn")>0," · "&COUNTIFS(CONG_VIEC!J6:J305,E21,CONG_VIEC!P6:P305,"Quá hạn")&" quá hạn","")) | F22: =IF(COUNTIF(CONG_VIEC!J6:J305,F21)=0,"",COUNTIF(CONG_VIEC!J6:J305,F21)&" việc"&IF(COUNTIFS(CONG_VIEC!J6:J305,F21,CONG_VIEC!P6:P305,"Quá hạn")>0," · "&COUNTIFS(CONG_VIEC!J6:J305,F21,CONG_VIEC!P6:P305,"Quá hạn")&" quá hạn","")) | G22: =IF(COUNTIF(CONG_VIEC!J6:J305,G21)=0,"",COUNTIF(CONG_VIEC!J6:J305,G21)&" việc"&IF(COUNTIFS(CONG_VIEC!J6:J305,G21,CONG_VIEC!P6:P305,"Quá hạn")>0," · "&COUNTIFS(CONG_VIEC!J6:J305,G21,CONG_VIEC!P6:P305,"Quá hạn")&" quá hạn",""))
A23: =IFERROR(TEXTJOIN(CHAR(10),TRUE,FILTER(CONG_VIEC!C6:C305,CONG_VIEC!J6:J305=A21)),"") | B23: =IFERROR(TEXTJOIN(CHAR(10),TRUE,FILTER(CONG_VIEC!C6:C305,CONG_VIEC!J6:J305=B21)),"") | C23: =IFERROR(TEXTJOIN(CHAR(10),TRUE,FILTER(CONG_VIEC!C6:C305,CONG_VIEC!J6:J305=C21)),"") | D23: =IFERROR(TEXTJOIN(CHAR(10),TRUE,FILTER(CONG_VIEC!C6:C305,CONG_VIEC!J6:J305=D21)),"") | E23: =IFERROR(TEXTJOIN(CHAR(10),TRUE,FILTER(CONG_VIEC!C6:C305,CONG_VIEC!J6:J305=E21)),"") | F23: =IFERROR(TEXTJOIN(CHAR(10),TRUE,FILTER(CONG_VIEC!C6:C305,CONG_VIEC!J6:J305=F21)),"") | G23: =IFERROR(TEXTJOIN(CHAR(10),TRUE,FILTER(CONG_VIEC!C6:C305,CONG_VIEC!J6:J305=G21)),"")

Sheet DANH_MUC
A1: DANH MỤC
A2: Sửa các ô nền vàng. Danh sách thả xuống ở sheet CONG_VIEC lấy từ đây.
A4: Đơn vị | B4: Phường / địa bàn | C4: Người phụ trách | D4: Nguồn việc | E4: Trạng thái | F4: Có / Không
A5: Đơn vị 1 (sửa tên) | B5: Phường 1 (sửa tên) | C5: Người 1 (sửa tên) | D5: Cấp trên giao | E5: Chưa làm | F5: Có | H5: Trạng thái và Có/Không là danh mục cố định: công thức dựa vào đúng các chữ này, không sửa.
A6: Đơn vị 2 (sửa tên) | B6: Phường 2 (sửa tên) | C6: Người 2 (sửa tên) | D6: Nghị quyết / kế hoạch | E6: Đang làm | F6: Không | H6: Tên đơn vị, phường, người phụ trách là chỗ trống để điền; file chưa có tên thật.
A7: Đơn vị 3 (sửa tên) | B7: Phường 3 (sửa tên) | C7: Người 3 (sửa tên) | D7: Phản ánh của dân | E7: Chờ duyệt
A8: Đơn vị 4 (sửa tên) | B8: Phường 4 (sửa tên) | C8: Người 4 (sửa tên) | D8: Phát sinh nội bộ | E8: Hoàn thành
A9: Đơn vị 5 (sửa tên) | B9: Phường 5 (sửa tên) | C9: Người 5 (sửa tên) | D9: Nhóm Zalo
A10: Đơn vị 6 (sửa tên) | C10: Người 6 (sửa tên)
C11: Người 7 (sửa tên)
C12: Người 8 (sửa tên)
